{"cameraMode":{"drawMode":0,"name":"Shaded","section":"Shading Mode"},"sceneLighting":false,"audioPlay":false,"sceneViewState":{"m_AlwaysRefresh":false,"showFog":true,"showSkybox":false,"showFlares":true,"showImageEffects":true,"showParticleSystems":true,"showVisualEffectGraphs":true,"m_FxEnabled":true},"in2DMode":false,"pivot":{"x":-0.10341443866491318,"y":-4.404343128204346,"z":10.695450782775879},"rotation":{"x":-0.21427957713603974,"y":-0.020221617072820665,"z":0.004434931557625532,"w":-0.9765594601631165},"size":8.2220458984375,"orthographic":false}