{"cameraMode":{"drawMode":0,"name":"Shaded","section":"Shading Mode"},"sceneLighting":true,"audioPlay":false,"sceneViewState":{"m_AlwaysRefresh":false,"showFog":true,"showSkybox":true,"showFlares":true,"showImageEffects":true,"showParticleSystems":true,"showVisualEffectGraphs":true,"m_FxEnabled":true},"in2DMode":false,"pivot":{"x":-0.22298119962215424,"y":-0.2871481776237488,"z":-4.52700662612915},"rotation":{"x":0.12711864709854127,"y":0.024410231038928033,"z":-0.003119521774351597,"w":0.9916015863418579},"size":0.07915180921554566,"orthographic":false}