{"cameraMode":{"drawMode":0,"name":"Shaded","section":"Shading Mode"},"sceneLighting":true,"audioPlay":false,"sceneViewState":{"m_AlwaysRefresh":false,"showFog":true,"showSkybox":true,"showFlares":true,"showImageEffects":true,"showParticleSystems":true,"showVisualEffectGraphs":true,"m_FxEnabled":true},"in2DMode":false,"pivot":{"x":-17.38477325439453,"y":8.469700813293457,"z":-44.09489440917969},"rotation":{"x":0.06442210078239441,"y":0.03203882649540901,"z":-0.0020722653716802599,"w":0.9974140524864197},"size":7.4876322746276859,"orthographic":false}