{"cameraMode":{"drawMode":0,"name":"Shaded","section":"Shading Mode"},"sceneLighting":true,"audioPlay":false,"sceneViewState":{"m_AlwaysRefresh":false,"showFog":true,"showSkybox":true,"showFlares":true,"showImageEffects":true,"showParticleSystems":true,"showVisualEffectGraphs":true,"m_FxEnabled":true},"in2DMode":false,"pivot":{"x":-3.430992603302002,"y":-1.974482536315918,"z":13.891502380371094},"rotation":{"x":0.08091374486684799,"y":-0.002378950361162424,"z":0.000191506405826658,"w":0.9967647790908814},"size":17.608911514282228,"orthographic":false}