{"cameraMode":{"drawMode":0,"name":"Shaded","section":"Shading Mode"},"sceneLighting":true,"audioPlay":false,"sceneViewState":{"m_AlwaysRefresh":false,"showFog":true,"showSkybox":true,"showFlares":true,"showImageEffects":true,"showParticleSystems":true,"showVisualEffectGraphs":true,"m_FxEnabled":true},"in2DMode":false,"pivot":{"x":5.4991254806518559,"y":4.116359233856201,"z":0.6204299926757813},"rotation":{"x":-0.10900509357452393,"y":-0.07153842598199845,"z":0.007828340865671635,"w":-0.9914889335632324},"size":12.534871101379395,"orthographic":false}